Scenario,Expected Return,VaR 90%,VaR 95%,VaR 99%,CVaR 90%,CVaR 95%,CVaR 99%
Scenario_1,4.627352121454383e-05,-0.0003069476599104134,-0.00040667263155116966,-0.0005869064422359866,-0.0004332464763929336,-0.00051503333924636,-0.0006693973852082314
Scenario_2,8.89451087478904e-05,-0.0002648449387350663,-0.00036279849116730676,-0.0005622281139817149,-0.0003966180694316342,-0.00048459121644772263,-0.0006612536726200323
Scenario_3,0.00018629969381151316,-0.00015950178555896598,-0.0002565991032903734,-0.00043487646769681173,-0.0002876688592660792,-0.00037066046291194416,-0.0005428550806801298
Scenario_4,-0.0005459390590317986,-0.0008975701683662584,-0.0009884977769478414,-0.0011802205360106838,-0.0010241627996960586,-0.0011098549812040756,-0.0012747447541968221
Scenario_5,0.0003106075401560283,-3.509595331024032e-05,-0.00013420116473694438,-0.0003219242700836886,-0.00016324250385982248,-0.0002468404318338495,-0.00041094551023241043
