Scenario,Expected Return,VaR 90%,VaR 95%,VaR 99%,CVaR 90%,CVaR 95%,CVaR 99%
Scenario_1,1.0243662645306472e-06,-0.00015845375885916902,-0.00019814680524555086,-0.0002840070361968625,-0.00021461686411077793,-0.00025215756553381165,-0.0003230787416490321
Scenario_2,2.660954366090852e-05,-0.00013128001537806062,-0.00017632996734860245,-0.00026707435406668717,-0.00019192750397853018,-0.0002320621912094223,-0.0003188891113565728
Scenario_3,-5.787362738067179e-06,-0.000131885837995528,-0.00016739056968097165,-0.0002330903616367239,-0.00017777711551999033,-0.00020739585562248451,-0.00026367536492695286
Scenario_4,-9.35463369466838e-05,-0.00024306341401174471,-0.00028465827704840236,-0.0003650237204524798,-0.00029774490558440376,-0.00033373039909322344,-0.000407624804069922
Scenario_5,0.00010520883007807195,-7.857730498580742e-06,-3.889406908290226e-05,-9.908723341901451e-05,-4.926540858162318e-05,-7.598271413358051e-05,-0.00012994936718317086
